{"frames": {

"Bomba malvada.png":
{
	"frame": {"x":0,"y":0,"w":32,"h":32},
	"rotated": false,
	"trimmed": false,
	"spriteSourceSize": {"x":0,"y":0,"w":32,"h":32},
	"sourceSize": {"w":32,"h":32},
	"pivot": {"x":0.5,"y":0.5}
},
"Bomba malvada2.png":
{
	"frame": {"x":32,"y":0,"w":32,"h":32},
	"rotated": false,
	"trimmed": false,
	"spriteSourceSize": {"x":0,"y":0,"w":32,"h":32},
	"sourceSize": {"w":32,"h":32},
	"pivot": {"x":0.5,"y":0.5}
}},
"meta": {
	"app": "http://www.codeandweb.com/texturepacker",
	"version": "1.0",
	"image": "Bomba malvada.png",
	"format": "RGBA8888",
	"size": {"w":64,"h":32},
	"scale": "1",
	"smartupdate": "$TexturePacker:SmartUpdate:279fb4068c89633bc9093e6f3647afcc:e621cab394bbaf81e11a63043f01efe9:c11ce3b0e5a4603dfb14e61881fbcf74$"
}
}
