{"frames": {

"Sub1.png":
{
	"frame": {"x":0,"y":0,"w":32,"h":16},
	"rotated": false,
	"trimmed": false,
	"spriteSourceSize": {"x":0,"y":0,"w":32,"h":16},
	"sourceSize": {"w":32,"h":16},
	"pivot": {"x":0.5,"y":0.5}
},
"Sub2.png":
{
	"frame": {"x":32,"y":0,"w":32,"h":16},
	"rotated": false,
	"trimmed": false,
	"spriteSourceSize": {"x":0,"y":0,"w":32,"h":16},
	"sourceSize": {"w":32,"h":16},
	"pivot": {"x":0.5,"y":0.5}
}},
"meta": {
	"app": "http://www.codeandweb.com/texturepacker",
	"version": "1.0",
	"image": "submarino.png",
	"format": "RGBA8888",
	"size": {"w":64,"h":16},
	"scale": "1",
	"smartupdate": "$TexturePacker:SmartUpdate:600b9e5b209ae392991181cf13dedc83:dd25c8a6047d4919c4a1ce077a260556:406e04fca8248a28487e3edce3c2ae0e$"
}
}
